id,cacheDate,name,owner,salePrice,studFee,age,gender,breed,imperfectTraitsScore,totalTraitDeviancy,scoreBodyType,scoreBodySize,scoreHeadShape,scoreEars,scoreNoseLength,scoreEyeShape,scoreEyeColor,scoreCoat,scoreColor,scoreTail,scoreLegs,bodyType,bodySize,headShape,earSize,earCurl,noseLength,eyeShape,eyeColor,eyeDepth,tail,legs,coatLength,coatTexture,coatBaseColor,coatBicolor,coatTabbyPattern,coatAlbino,coatGhostMarking,coatRufused,coatGolden,coatSilver,coatSmoke,showPoints,ageOfMostRecentOffspring,ableToGetPregnant,fullness,health,coatCondition,activeness,attitude,mood
2015990,2022-12-28,"# [7 CF, 6, 10] Crystal Ush",Kittystix1 (#268795),0,0,7,female,mixed breed,7,11,1,-1,1,-1,-4,-2,1,0,0,0,0,11,16,14,14,straight,15,17,blue,pale,normal,normal,shorthair,,seal,bicolor,spotted tabby,point,False,False,False,True,False,0,0,,94.99,98.99,95.99,16.00,99.99,50.00
2015991,2022-12-28,"# [5.86 CF, 6, 10] Hyper",Kittystix1 (#268795),0,0,7,female,mixed breed,7,12,1,1,0,-1,-4,-2,1,2,0,0,0,11,18,13,14,straight,15,17,blue,pale,normal,normal,longhair,,cinnamon,,mackerel tabby,point,False,False,False,True,False,0,0,,94.99,93.99,99.19,55.60,99.99,50.00
2005528,2022-12-28,#2005528,Rescue Shelter,200,0,55,female,mixed breed,7,19,3,-5,-1,-1,-3,-5,0,0,0,1,0,13,12,12,14,straight,16,14,blue,deep,short (bobtail),normal,shorthair,,seal,,spotted tabby,point,False,False,False,True,False,0,0,True,99.99,50.99,68.99,43.60,99.99,74.00
2016160,2022-12-28,#2016160,Silverglitter17 (#179130),25,0,7,female,mixed breed,8,20,2,3,-5,-3,-3,-1,1,2,0,0,0,12,20,8,12,straight,16,18,blue,pale,normal,normal,longhair,,seal,bicolor,mackerel tabby,point,False,True,True,False,False,0,0,,84.99,91.99,23.00,37.00,41.00,50.00
2012075,2022-12-28,#2012075,Rescue Shelter,200,0,25,female,mixed breed,7,21,0,-2,-1,-2,-3,-9,2,0,2,0,0,10,15,12,13,straight,16,10,grey-green,deep,normal,normal,shorthair,rex III,black,mitted,spotted tabby,,False,False,False,False,False,0,0,True,99.99,2.74,0.00,9.00,99.99,75.00
2009271,2022-12-28,#Lion - SH,Enakhra ~James' Rehab and Retirement Center~ (#146955),1,0,37,female,mixed breed,6,25,0,-3,-4,0,-6,-7,3,0,2,0,0,10,14,9,15,straight,13,12,green,medium,normal,normal,shorthair,,black,bicolor,spotted tabby,,False,False,False,False,False,0,0,True,4.99,10.99,7.99,67.00,85.96,70.00
2016069,2022-12-28,#2016069 1/6ex,Tuna Cat (#268804),300,0,7,female,mixed breed,10,25,-2,1,-1,-2,-6,-6,2,2,2,1,0,8,18,12,13,straight,13,13,green,deep,short (bobtail),normal,longhair,,black,mitted,classic tabby,,False,False,False,True,False,0,0,,99.99,95.75,95.89,52.50,99.99,50.00
2002402,2022-12-28,#Leda the Libra,Rescue Shelter,200,0,68,female,mixed breed,8,26,1,-1,5,3,-9,-3,2,0,2,0,0,11,16,18,18,straight,10,16,yellow-green,deep,normal,normal,shorthair,rex III satin,black,bicolor,spotted tabby,,False,False,False,False,False,0,0,True,99.99,4.50,23.20,63.00,99.34,93.00
2007893,2022-12-28,#2007893,Rescue Shelter,200,0,43,female,mixed breed,9,26,4,-6,-2,-1,-3,-5,3,0,0,1,1,14,11,11,14,straight,16,14,grey-green,medium,short (bobtail),short (Munchkin),shorthair,,natural,bicolor,spotted tabby,mink,False,False,False,True,False,0,0,True,99.99,47.99,68.99,44.20,99.99,74.00
2016159,2022-12-28,#2016159,Silverglitter17 (#179130),25,0,7,female,mixed breed,6,27,2,2,-6,-8,-8,-1,0,0,0,0,0,12,19,7,7,straight,11,18,blue,deep,normal,normal,shorthair,,seal,,mackerel tabby,point,False,False,False,False,False,0,0,,84.99,93.99,30.00,46.00,78.00,50.00
2011005,2022-12-28,#2011005,Almalexia | Tigraunda Revival (#70878),100,0,29,female,mixed breed,7,27,8,1,0,-2,-5,-7,2,0,2,0,0,18,18,13,13,straight,14,12,hazel,deep,normal,normal,shorthair,,black,,spotted tabby,,False,False,False,False,False,0,0,True,99.99,80.06,0.00,53.00,95.82,50.00
2003959,2022-12-28,#2003959 3ex,Ali's Cattery 2 Mixies and OriMajs (#267045),1,0,61,female,mixed breed,10,27,5,-4,4,3,-3,-1,2,2,2,0,1,15,13,17,18,straight,16,18,aqua,deep,normal,short (Munchkin),longhair,LaPerm,lilac,,ticked tabby,,False,False,False,False,False,0,0,True,4.99,11.49,0.00,98.00,99.99,99.99
2007165,2022-12-28,#2007165,Almalexia | Tigraunda Revival (#70878),100,0,48,female,mixed breed,7,28,8,1,0,-3,-5,-7,2,0,2,0,0,18,18,13,12,straight,14,12,hazel,deep,normal,normal,shorthair,,black,bicolor,ticked tabby,,False,False,False,False,False,0,0,True,99.99,87.49,0.00,51.00,85.72,50.00
2004338,2022-12-28,# Spottedbird,Silverglitter17 (#179130),25,0,59,female,mixed breed,8,28,0,1,-1,-6,-8,-6,2,2,2,0,0,10,18,12,9,straight,11,13,grey-green,deep,normal,normal,longhair,,black,bicolor,spotted tabby,,False,False,False,True,False,0,45,True,84.99,58.47,0.00,41.00,99.99,73.00
2009046,2022-12-28,mm zanae,Yulan - MeiMao 二 (#53138),100,0,39,female,mixed breed,5,29,-8,2,0,-8,-4,-7,0,0,0,0,0,2,19,13,7,straight,15,12,blue,deep,normal,normal,shorthair,,chocolate,bicolor,classic tabby,point,False,True,True,False,False,0,14,True,84.99,91.99,96.99,67.00,89.11,55.00
2016327,2022-12-28,#2016327,Pleasantli ~ WildSpots Cattery (#157877),1,0,55,female,mixed breed,7,29,8,-10,3,1,-2,0,3,0,2,0,0,18,7,16,16,straight,17,19,green,pale,normal,normal,shorthair,LaPerm,black,,ticked tabby,,False,True,True,False,False,0,0,True,69.99,85.00,74.00,66.00,14.00,43.00
2014858,2022-12-28,"Kaslistic's ""Galaxy"" |●●●●●●●|",Kaslistic II .:ß: ||Sales|| (#132457),500,0,13,female,Majestic Coon,10,29,-5,3,-1,-1,-7,-5,2,2,2,0,1,5,20,12,14,straight,12,14,grey-green,deep,normal,short (Munchkin),longhair,LaPerm,black,bicolor,,,False,False,False,True,False,0,0,True,94.99,99.99,87.99,98.00,99.93,50.00
2014862,2022-12-28,"Kaslistic's ""Daphne"" |●●●●●●●|",Kaslistic II .:ß: ||Sales|| (#132457),500,0,13,female,Majestic Coon,10,29,-5,3,-1,-1,-7,-5,2,2,2,0,1,5,20,12,14,straight,12,14,aqua,deep,normal,short (Munchkin),longhair,LaPerm,chocolate,bicolor,,,False,False,False,True,False,0,0,True,94.99,97.99,87.99,98.00,99.93,50.00
2009962,2022-12-28,#2009962,Rescue Shelter,200,0,35,female,mixed breed,6,30,-1,-12,0,0,-7,-6,2,0,2,0,0,9,5,13,15,straight,12,13,yellow-green,deep,normal,normal,shorthair,rex II,blue,bicolor,mackerel tabby,,False,False,False,False,False,0,0,True,99.99,10.99,38.00,14.00,73.99,75.00
2004060,2022-12-28,#Halloweenie BOB 8.5,Rescue Shelter,200,0,61,female,mixed breed,7,30,-1,2,0,-7,-9,-6,3,0,2,0,0,9,19,13,9,curled,10,13,orange,medium,normal,normal,shorthair,,black,,ticked tabby,,False,False,False,True,False,0,0,True,99.99,9.50,9.00,26.00,31.96,10.00
2009836,2022-12-28,"# [5 PP, 7, 17] Tinytail",Bumblegun (#269722),0,0,35,female,mixed breed,8,30,2,-8,-2,0,-3,-10,2,0,2,1,0,12,9,11,15,straight,16,9,green,deep,short (bobtail),normal,shorthair,,chocolate,,classic tabby,,False,False,False,False,False,0,11,True,99.99,94.49,73.60,77.00,99.99,50.00
2006779,2022-12-28,Madame Tigresse,SnowyRina167 (#269419),1,0,49,female,mixed breed,8,30,2,-5,0,-3,-6,-7,3,2,2,0,0,12,12,13,12,straight,13,12,hazel,medium,normal,normal,longhair,LaPerm,chocolate,,mackerel tabby,,False,False,False,True,False,0,0,True,14.99,2.99,0.00,48.00,99.99,91.00
2014852,2022-12-28,#2014852,Pizza_Kitties - Sales (#88179),50,0,13,female,mixed breed,8,30,3,-3,-1,-5,-6,-7,3,0,2,0,0,13,14,12,11,curled,13,12,hazel,medium,normal,normal,shorthair,LaPerm,black,bicolor,classic tabby,,False,False,False,True,False,0,0,True,99.99,98.99,0.00,55.00,98.88,50.00
2007142,2022-12-28,#▧LillySpeckles,Tic-Tac to the rescue (#269418),300,0,48,female,mixed breed,8,30,3,-2,1,-5,-7,-8,2,0,2,0,0,13,15,14,10,straight,12,11,bronze,deep,normal,normal,shorthair,,black,bicolor,,,False,False,False,True,False,0,0,True,99.99,84.49,96.70,25.80,70.20,98.99
2016316,2022-12-28,"Kaslistics ""Delta"" |●●●●●●●|",Kaslistic II .:ß: ||Sales|| (#132457),571,0,6,female,Majestic Coon,10,30,-5,3,-1,-2,-7,-5,2,2,2,0,1,5,20,12,14,folded,12,14,green,deep,normal,short (Munchkin),longhair,LaPerm wirehair,black,bicolor,,,False,False,False,False,True,0,0,,94.99,99.99,87.99,99.00,99.98,50.00
2016652,2022-12-28,﴾Chant﴿ Tinka,Chant’s ℂ✩ Neverending Studio Projects (#19181),1,0,47,female,mixed breed,6,31,-4,-11,-10,2,-2,0,0,0,2,0,0,6,6,3,17,straight,17,19,blue,deep,normal,normal,shorthair,,white,,,,False,False,False,False,False,0,0,True,99.99,99.99,68.00,83.00,35.96,49.00
2005851,2022-12-28,#Dane | !Luesa | Mixed Ramya,Llama Godd (#267840),200,0,53,female,mixed breed,7,31,0,-7,-1,-7,-5,-7,2,0,2,0,0,10,10,12,9,folded,14,12,hazel,deep,normal,normal,shorthair,wirehair,black,,mackerel tabby,,False,False,False,True,False,0,0,True,4.99,4.76,17.00,56.00,87.95,75.00
2005189,2022-12-28,#2005189,Pizza_Kitties - Sales (#88179),50,0,56,female,mixed breed,8,31,1,-3,0,-9,-6,-7,2,0,2,0,1,11,14,13,7,folded,13,12,hazel,deep,normal,short (Munchkin),shorthair,LaPerm,black,bicolor,spotted tabby,,False,False,False,False,False,0,0,True,99.99,79.99,0.00,35.00,98.46,50.00
2015501,2022-12-28,#Alisia,Tic-TacCat (#268923),600,0,8,female,mixed breed,8,31,9,-7,-4,2,-3,-2,2,0,2,0,0,19,10,9,17,straight,16,17,grey-green,deep,normal,normal,shorthair,satin wirehair,black,bicolor,classic tabby,,False,False,False,True,False,0,0,,94.99,99.99,98.99,37.00,98.00,50.00
2012431,2022-12-28,#Hoot of An Owl,Kit_2_Electric_Boogaloo (#220467),10,0,23,female,mixed breed,10,31,6,-7,2,1,-2,-6,2,2,2,1,0,16,10,15,16,straight,17,13,hazel,deep,short (bobtail),normal,longhair,,blue,bicolor,,,False,False,False,False,False,0,0,True,99.99,88.49,0.00,51.00,99.91,50.00
2005879,2022-12-28,Mina's Truly Ages West,Chant’s ℂ✩ Neverending Studio Projects (#19181),50,0,53,female,mixed breed,10,31,3,-6,-3,-1,-8,-3,2,2,2,1,0,13,11,10,14,straight,11,16,hazel,deep,short (bobtail),normal,longhair,rex II satin,blue,,,,False,False,False,True,False,0,0,True,99.99,99.99,0.00,51.00,99.48,50.00
2014860,2022-12-28,"Kaslistic's ""Danee"" |●●●●●●●|",Kaslistic II .:ß: ||Sales|| (#132457),500,0,13,female,Majestic Coon,11,31,-5,3,-1,-2,-7,-5,2,2,2,1,1,5,20,12,14,folded,12,14,green,deep,short (bobtail),short (Munchkin),longhair,,chocolate,bicolor,,,False,False,False,False,False,0,0,True,94.99,95.99,87.99,98.00,99.93,50.00
2015982,2022-12-28,# (b) Destiny's Illusion,Kittystix1 (#268795),0,0,7,female,Siamese,6,32,10,-8,7,5,1,1,0,0,0,0,0,20,9,20,20,straight,20,20,blue,deep,normal,normal,shorthair,satin,red,,,point,False,False,False,False,False,0,0,,99.99,99.99,99.99,93.40,99.99,50.00
2015985,2022-12-28,# (b) Legacy,Kittystix1 (#268795),0,0,7,female,Siamese,6,32,10,-8,7,5,1,1,0,0,0,0,0,20,9,20,20,straight,20,20,blue,deep,normal,normal,shorthair,satin,cream,,,point,False,False,False,False,False,0,0,,94.99,97.49,99.99,92.20,99.99,50.00
2005860,2022-12-28,Ali's Cinnamon,Kittystix1 (#268795),0,0,53,female,Siamese,6,32,10,-8,7,5,1,1,0,0,0,0,0,20,9,20,20,straight,20,20,blue,deep,normal,normal,shorthair,satin,red,,,point,False,False,False,False,False,0,21,True,99.99,99.99,96.99,94.60,99.99,56.00
2011838,2022-12-28,#2011838,.::Heatherboo::.  (#52324),1,0,30,female,mixed breed,6,32,2,2,-3,0,-6,-18,1,0,0,0,0,12,19,10,15,straight,13,1,blue,pale,normal,normal,shorthair,wirehair,natural,,mackerel tabby,mink,False,False,False,False,False,0,0,True,79.99,99.99,95.99,87.00,43.58,25.00
2007901,2022-12-28,#Little Miss Sunshine,Rescue Shelter,200,0,43,female,Siamese,6,32,10,-8,7,5,1,1,0,0,0,0,0,20,9,20,20,straight,20,20,blue,deep,normal,normal,shorthair,satin,lilac,,,point,False,False,False,False,False,0,0,True,99.99,12.99,21.99,71.00,99.98,88.00
2007847,2022-12-28,#2007847,Almalexia | Tigraunda Revival (#70878),100,0,43,female,mixed breed,8,32,7,2,1,-1,-8,-9,2,0,2,0,0,17,19,14,14,straight,11,10,grey-green,deep,normal,normal,shorthair,,black,,mackerel tabby,,False,False,False,True,False,0,0,True,99.99,84.81,0.00,56.00,82.75,50.00
2017063,2022-12-28,#Sorceress Heavendream -stray,Mezzmeric's Feline Fiasco (#26989),1,0,20,female,mixed breed,6,33,-8,-13,-5,3,0,0,2,0,2,0,0,2,4,8,18,straight,19,19,green,deep,normal,normal,shorthair,,black,bicolor,mackerel tabby,,False,False,False,True,False,0,0,True,99.99,99.99,68.00,63.00,53.97,47.00
2006633,2022-12-28,#2006633 Sell?,CCeline's Mew (#171351),50,0,49,female,mixed breed,7,33,7,0,-1,1,-11,-8,3,0,2,0,0,17,17,12,16,straight,8,11,green,medium,normal,normal,shorthair,satin,lilac,bicolor,,,False,False,False,False,False,0,0,True,94.99,81.99,0.00,72.00,65.89,50.00
2007896,2022-12-28,#2007896,Rescue Shelter,200,0,43,female,mixed breed,7,33,-3,1,2,-9,-9,-8,1,0,0,0,0,7,18,15,6,straight,10,11,blue,pale,normal,normal,shorthair,,seal,,ticked tabby,point,False,True,True,False,False,0,0,True,99.99,4.00,9.00,15.00,92.99,90.00
2007643,2022-12-28,#Rhubarb,CinnamonFawnCats13  (#222218),1,0,45,female,mixed breed,8,33,1,0,-6,-7,-10,-3,2,2,2,0,0,11,17,7,9,curled,9,16,grey-green,deep,normal,normal,longhair,,chocolate,bicolor,ticked tabby,,False,False,False,False,False,0,0,True,99.99,80.38,0.00,30.00,85.87,50.00
2007849,2022-12-28,#2007849,Almalexia | Tigraunda Revival (#70878),100,0,43,female,mixed breed,8,33,6,2,1,-2,-8,-9,3,0,2,0,0,16,19,14,13,straight,11,10,hazel,pale,normal,normal,shorthair,,black,harlequin,mackerel tabby,,False,False,False,True,False,0,0,True,99.99,81.81,0.00,56.00,83.75,50.00
2016324,2022-12-28,#2016324,Rescue Shelter,200,0,6,female,mixed breed,8,33,7,1,-1,-2,-9,-8,3,0,2,0,0,17,18,12,13,straight,10,11,hazel,medium,normal,normal,shorthair,satin,black,harlequin,,,False,True,False,False,False,0,0,,99.99,99.99,0.00,63.00,70.97,50.00
2006823,2022-12-28,Maxine,Rescue Shelter,200,0,49,female,mixed breed,9,33,-5,2,-1,-4,-8,-7,2,2,2,0,0,5,19,12,11,straight,11,12,coffee,deep,normal,normal,longhair,,black,bicolor,spotted tabby,,False,True,True,False,False,0,0,True,99.99,25.49,0.00,30.00,99.99,90.00
2007854,2022-12-28,#2007854,Almalexia | Tigraunda Revival (#70878),100,0,43,female,mixed breed,7,34,8,1,0,-5,-6,-9,3,0,2,0,0,18,18,13,10,straight,13,10,hazel,medium,normal,normal,shorthair,,blue,bicolor,mackerel tabby,,False,False,False,True,False,0,0,True,99.99,86.37,1.50,53.00,85.75,50.00
2017071,2022-12-28,Skylark’s Color Me Irresistible,Skylark's (II) Sales and SAPs (#80199),1,0,54,female,mixed breed,8,34,1,-13,4,-4,-6,1,3,0,2,0,0,11,4,17,12,folded,13,20,coffee,pale,normal,normal,shorthair,,black,van,ticked tabby,,False,False,False,False,False,0,0,True,99.99,94.99,63.00,78.00,46.97,52.00
2003960,2022-12-28,#2003960 3ex,Ali's Cattery 2 Mixies and OriMajs (#267045),1,0,61,female,mixed breed,10,34,4,-9,4,-4,-3,-3,2,2,2,0,1,14,8,17,11,straight,16,16,aqua,deep,normal,short (Munchkin),longhair,LaPerm satin,lilac,,spotted tabby,,False,False,False,False,False,0,0,True,4.99,2.49,0.00,98.00,99.99,99.99
2016657,2022-12-28,﴾Chant﴿ Mirror Bravewish {Stray},Chant’s ℂ✩ Neverending Studio Projects (#19181),1,0,31,female,mixed breed,7,35,5,-14,4,-1,-4,-6,1,0,0,0,0,15,3,17,14,straight,15,13,blue,pale,normal,normal,shorthair,,seal,bicolor,mackerel tabby,point,False,False,False,False,False,0,0,True,99.99,99.99,69.00,77.00,51.96,51.00
2010385,2022-12-28,#Cookie Imora - SH,Enakhra ~James' Rehab and Retirement Center~ (#146955),1,0,33,female,mixed breed,7,35,2,-5,-6,-5,-11,-3,3,0,0,0,0,12,12,7,10,straight,8,16,grey-green,pale,normal,normal,shorthair,,natural,,,mink,False,False,False,False,False,0,0,True,4.99,7.99,0.00,22.00,78.99,75.00
2007895,2022-12-28,#Northumbria,Rescue Shelter,200,0,43,female,mixed breed,7,35,-4,2,1,-9,-9,-9,1,0,0,0,0,6,19,14,6,straight,10,10,blue,medium,normal,normal,shorthair,,seal,,ticked tabby,point,False,True,True,False,False,0,0,True,99.99,4.00,9.00,12.00,83.99,90.00
2015196,2022-12-28,#2015196,Almalexia | Tigraunda Revival (#70878),100,0,11,female,mixed breed,8,35,6,3,1,4,-10,-6,3,0,2,0,0,16,20,14,19,straight,9,13,yellow,medium,normal,normal,shorthair,,black,bicolor,mackerel tabby,,False,True,False,False,False,0,0,True,99.99,90.71,3.40,53.00,79.92,50.00
2001852,2022-12-28,#Aztec Smoke DNS,Rescue Shelter,200,0,70,female,mixed breed,9,35,3,-4,-5,-8,-8,-2,1,2,2,0,0,13,13,8,7,straight,11,17,blue,medium,normal,normal,longhair,rex III,champagne,,mackerel tabby,,False,False,False,False,False,0,0,True,99.99,8.99,0.00,49.40,82.13,92.00
2007640,2022-12-28,#Nicki,CinnamonFawnCats13  (#222218),1,0,45,female,mixed breed,6,36,-8,2,0,-6,-10,-8,0,2,0,0,0,2,19,13,9,straight,9,11,blue,deep,normal,normal,longhair,rex I,seal,bicolor,,point,True,False,False,False,True,0,0,True,99.99,73.92,0.00,37.00,99.86,50.00
2013901,2022-12-28,#Peach Sunrise,Cloudy Cattery Ragdolls (#267820),300,0,17,female,mixed breed,6,36,-8,2,0,-6,-10,-8,0,2,0,0,0,2,19,13,9,straight,9,11,blue,deep,normal,normal,longhair,,fawn,bicolor,mackerel tabby,point,True,True,False,False,False,0,0,True,89.99,84.99,86.59,45.50,99.99,53.00
2011013,2022-12-28,Stray Sinyoa of Esja,Almalexia | Tigraunda Revival (#70878),100,0,35,female,mixed breed,7,36,-5,-4,0,4,-5,-13,3,0,2,0,0,5,13,13,18,folded,14,6,green,medium,normal,normal,shorthair,,black,bicolor,mackerel tabby,,False,False,False,False,False,0,19,True,99.99,85.99,60.80,19.00,76.43,50.00
2009532,2022-12-28,#2009532,Almalexia | Tigraunda Revival (#70878),100,0,36,female,mixed breed,7,36,6,2,0,-7,-7,-9,3,0,2,0,0,16,19,13,8,straight,12,10,green,medium,normal,normal,shorthair,,black,bicolor,,,False,False,False,False,True,0,0,True,99.99,89.41,3.40,65.00,84.78,50.00
2004516,2022-12-28,#C4T Cindy,Rescue Shelter,200,0,57,female,mixed breed,7,36,-7,2,0,-5,-9,-8,3,2,0,0,0,3,19,13,10,straight,10,11,grey-green,medium,normal,normal,longhair,,natural,,,mink,False,False,False,False,True,0,42,True,99.99,48.99,0.00,51.00,99.78,74.00
2013205,2022-12-28,|EO| Lion Magic and Sorceress,|EO|� Endless Obsessions Rare Breed Cattery (#83605),50,0,20,female,mixed breed,8,36,3,-5,-4,0,-12,-7,2,0,2,0,1,13,12,9,15,straight,7,12,bronze,deep,normal,short (Munchkin),shorthair,,white,,,,False,False,False,False,False,0,0,True,39.99,61.99,54.30,30.00,83.55,55.00
2006641,2022-12-28,#2006641 Sell?,CCeline's Mew (#171351),50,0,49,female,mixed breed,8,36,7,-8,1,-1,-7,-8,2,0,2,0,0,17,9,14,14,straight,12,11,bronze,deep,normal,normal,shorthair,,chocolate,bicolor,classic tabby,,False,False,False,False,False,0,0,True,94.99,88.49,0.00,87.00,99.88,50.00
2005835,2022-12-28,#▧Java,Tic-Tac to the rescue (#269418),300,0,53,female,mixed breed,7,37,9,-4,0,-3,-16,-1,2,0,2,0,0,19,13,13,13,folded,3,18,aqua,deep,normal,normal,shorthair,,blue,,spotted tabby,,False,False,False,False,False,0,0,True,99.99,87.49,96.80,43.80,46.70,7.00
2010384,2022-12-28,#Miss Bonny of the Moment - LH,Enakhra ~James' Rehab and Retirement Center~ (#146955),1,0,33,female,mixed breed,8,37,2,-6,-7,-4,-11,-2,3,2,0,0,0,12,11,6,11,straight,8,17,grey-green,pale,normal,normal,longhair,,natural,,spotted tabby,mink,False,False,False,False,False,0,0,True,4.99,8.99,0.00,22.00,95.99,76.00
2007897,2022-12-28,#Helmouth,Rescue Shelter,200,0,43,female,mixed breed,8,37,-3,2,-1,-8,-9,-9,3,0,2,0,0,7,19,12,7,straight,10,10,bronze,medium,normal,normal,shorthair,,black,mitted,,,False,True,True,False,False,0,0,True,99.99,12.00,9.00,6.00,72.99,90.00
2007894,2022-12-28,#2007894,Rescue Shelter,200,0,43,female,mixed breed,8,37,-4,1,1,-8,-9,-9,3,0,2,0,0,6,18,14,7,straight,10,10,orange,pale,normal,normal,shorthair,,black,bicolor,,,False,False,False,True,False,0,0,True,99.99,5.00,9.00,11.00,53.99,90.00
2004062,2022-12-28,#Gigi for GD Batpotion,Rescue Shelter,200,0,61,female,mixed breed,8,37,-1,2,2,-9,-9,-9,3,0,2,0,0,9,19,15,6,straight,10,10,yellow,pale,normal,normal,shorthair,,black,bicolor,ticked tabby,,False,False,False,False,False,0,43,True,99.99,3.50,9.00,18.00,51.96,96.00
2004409,2022-12-28,Chester,s. (#269726),400,0,58,female,mixed breed,8,37,2,-12,-4,-6,-8,-1,2,0,2,0,0,12,5,9,10,curled,11,18,green,deep,normal,normal,shorthair,LaPerm,chocolate,bicolor,,,False,False,False,False,False,0,0,True,89.99,3.99,0.00,41.00,99.99,99.99
2013880,2022-12-28,#2013880 sell,Almalexia | Tigraunda Revival (#70878),100,0,17,female,mixed breed,9,37,6,2,-3,-3,-9,-9,2,0,2,1,0,16,19,10,12,straight,10,10,grey-green,deep,short (bobtail),normal,shorthair,,black,,,,False,False,False,True,False,0,0,True,99.99,85.81,0.00,63.00,91.89,50.00
2012076,2022-12-28,#2012076,Rescue Shelter,200,0,25,female,mixed breed,9,37,-5,-2,-5,-8,-4,-7,2,2,2,0,0,5,15,8,7,straight,15,12,hazel,deep,normal,normal,longhair,rex III,black,harlequin,,,False,False,False,False,True,0,0,True,99.99,2.74,0.00,18.00,99.99,75.00
2012731,2022-12-28,﴾Chant﴿ Solar Danee of Fantasy,SnowyRina167 (#269419),1,0,21,female,mixed breed,8,38,3,-6,-2,-6,-12,-7,1,0,0,1,0,13,11,11,9,straight,7,12,blue,medium,short (bobtail),normal,shorthair,LaPerm,seal,bicolor,classic tabby,point,False,False,False,True,False,0,0,True,14.99,15.99,0.00,71.00,98.98,60.00
2010573,2022-12-28,Little Oreo,Rescue Shelter,200,0,32,female,mixed breed,8,38,9,-7,-6,0,-8,-4,1,2,0,0,1,19,10,7,15,straight,11,15,blue,pale,normal,short (Munchkin),longhair,wirehair,natural,harlequin,,mink,False,False,False,False,False,0,0,True,99.99,9.99,6.00,76.00,82.00,74.00
2012733,2022-12-28,﴾Chant﴿  Simply Nai Eclipsehunter,SnowyRina167 (#269419),1,0,21,female,mixed breed,7,39,3,-6,-2,-7,-13,-7,0,0,0,1,0,13,11,11,9,folded,6,12,blue,deep,short (bobtail),normal,shorthair,wirehair,natural,mitted,classic tabby,mink,False,False,False,True,False,0,0,True,14.99,3.99,0.00,74.00,97.98,60.00
2015586,2022-12-28,#South Shady -stray,Mezzmeric's Feline Fiasco (#26989),1,0,29,female,mixed breed,7,39,-1,-12,5,1,-16,0,2,0,2,0,0,9,5,18,16,straight,3,19,bronze,deep,normal,normal,shorthair,rex III wirehair,chocolate,bicolor,,,False,False,False,True,False,0,0,True,99.99,99.99,97.99,15.00,74.84,49.00
2015199,2022-12-28,#2015199,Almalexia | Tigraunda Revival (#70878),100,0,11,female,mixed breed,8,39,-7,-1,-1,-6,-7,-12,3,0,2,0,0,3,16,12,9,straight,12,7,coffee,medium,normal,normal,shorthair,,black,,,,True,False,False,True,False,0,0,True,99.99,90.77,59.00,58.00,97.92,50.00
2016764,2022-12-28,#Angel Gilda (Stray),"Embers - Andromedas, Bohemian Rhapsodies (#136373)",100,0,28,female,mixed breed,8,39,7,-1,-6,-3,-15,-2,3,0,2,0,0,17,16,7,12,straight,4,17,grey-brown,medium,normal,normal,shorthair,,black,,mackerel tabby,,False,True,False,False,False,0,0,True,99.99,99.99,54.00,76.00,19.95,45.00
2009278,2022-12-28,Kale,Rescue Shelter,200,0,37,female,mixed breed,8,39,5,-3,1,-4,-5,-16,3,0,2,0,0,15,14,14,12,curled,14,3,bronze,pale,normal,normal,shorthair,,black,bicolor,,,False,False,False,False,False,0,0,True,99.99,25.63,0.00,52.00,71.00,77.00
2009645,2022-12-28,#2009645,Rescue Shelter,200,0,35,female,mixed breed,9,39,3,-11,-3,1,-11,-4,3,0,2,0,1,13,6,10,16,straight,8,15,yellow-green,medium,normal,short (Munchkin),shorthair,rex III,chocolate,bicolor,,,False,False,False,False,True,0,0,True,99.99,25.75,0.00,35.00,86.00,76.00
2015585,2022-12-28,#Princess Life Lucy -stray,Mezzmeric's Feline Fiasco (#26989),1,0,34,female,mixed breed,8,40,-1,-5,1,1,-12,-15,3,0,2,0,0,9,12,14,15,curled,7,4,yellow-green,medium,normal,normal,shorthair,LaPerm,chocolate,,ticked tabby,,False,False,False,False,False,0,0,True,99.99,99.99,82.00,37.00,76.44,50.00
2013587,2022-12-28,#2013587,Almalexia | Tigraunda Revival (#70878),100,0,19,female,mixed breed,8,40,-6,-4,0,-5,-9,-11,2,0,2,1,0,4,13,13,10,straight,10,8,aqua,deep,short (bobtail),normal,shorthair,,blue,bicolor,spotted tabby,,False,False,False,True,False,0,0,True,99.99,89.77,0.00,50.00,96.88,50.00
2013794,2022-12-28,#2013794,CCeline's Mew (#171351),50,0,18,female,mixed breed,9,40,8,-5,2,-2,-9,-7,3,2,2,0,0,18,12,15,13,straight,10,12,green,medium,normal,normal,longhair,,black,bicolor,mackerel tabby,,False,False,False,True,False,0,0,True,94.99,86.24,0.00,62.00,87.96,50.00
2009404,2022-12-28,#2009404,Little Bunny 3 (#268197),100,0,37,female,mixed breed,9,40,3,-9,-2,-9,-9,-3,2,0,2,0,1,13,8,11,7,folded,10,16,green,deep,normal,short (Munchkin),shorthair,satin,lilac,,,,False,False,False,False,False,0,0,True,4.99,7.74,42.30,21.00,99.99,84.00
2007193,2022-12-28,#Ticky,Little Bunny 3 (#268197),100,0,48,female,mixed breed,9,40,-3,-4,-4,-11,-7,-6,2,0,2,0,1,7,13,9,5,folded,12,13,bronze,deep,normal,short (Munchkin),shorthair,,chocolate,,ticked tabby,,False,False,False,False,False,0,0,True,4.99,3.99,48.50,33.20,99.99,78.00
2013799,2022-12-28,#2013799,CCeline's Mew (#171351),50,0,18,female,mixed breed,8,41,9,-10,-1,-2,-6,-9,2,0,2,0,0,19,7,12,13,straight,13,10,bronze,deep,normal,normal,shorthair,,chocolate,bicolor,mackerel tabby,,False,False,False,True,False,0,0,True,94.99,83.49,0.00,49.00,90.96,50.00
2011679,2022-12-28,Stubby Bro Heaven Daria -6,Nykkei GN's other account (#41511),50,0,28,female,mixed breed,8,41,-6,-4,-1,-11,-12,-2,3,0,2,0,0,4,13,12,5,folded,7,17,bronze-olive,medium,normal,normal,shorthair,,black,bicolor,mackerel tabby,,False,True,True,False,False,0,0,True,94.99,91.00,42.00,29.00,71.78,50.00
2015200,2022-12-28,#2015200,Almalexia | Tigraunda Revival (#70878),100,0,11,female,mixed breed,8,41,-7,-2,-1,-6,-8,-12,3,0,2,0,0,3,15,12,9,straight,11,7,green,medium,normal,normal,shorthair,,black,,,,False,False,False,True,False,0,0,True,99.99,87.77,59.00,54.00,98.92,50.00
2011680,2022-12-28,Stubby Bro Heaven Diana -5,Nykkei GN's other account (#41511),50,0,28,female,mixed breed,9,41,-5,-4,-1,-10,-12,-3,3,0,2,1,0,5,13,12,5,straight,7,16,bronze-olive,medium,none (tailless),normal,shorthair,,black,bicolor,spotted tabby,,False,True,True,False,False,0,0,True,94.99,93.00,42.00,26.00,74.78,50.00
2013413,2022-12-28,#Coated Peach,ExistingCuzWhyNot (#267759),100,0,20,female,mixed breed,9,41,-5,-1,-4,-4,-12,-9,3,2,0,0,1,5,16,9,11,straight,7,10,grey-green,pale,normal,short (Munchkin),longhair,,natural,bicolor,ticked tabby,mink,False,False,False,False,False,0,0,True,4.99,5.99,30.00,2.00,99.99,64.00
2012033,2022-12-28,#2012033,Pip! (#269060),40,0,25,female,mixed breed,8,42,5,-2,-4,-8,-8,-11,0,2,2,0,0,15,15,9,7,straight,11,8,blue,deep,normal,normal,longhair,,black,harlequin,,,False,False,False,False,True,0,0,True,54.99,88.99,8.50,40.00,77.00,52.00
2015466,2022-12-28,#2015466,Rahkali (#269527),100,0,9,female,mixed breed,9,42,-4,-5,-2,-4,-11,-10,2,2,2,0,0,6,12,11,11,straight,8,9,grey-green,deep,normal,normal,longhair,,black,bicolor,,,False,False,False,False,True,0,0,False,94.99,98.99,25.40,22.00,99.95,50.00
2006112,2022-12-28,#2006112,Almalexia | Tigraunda Revival (#70878),100,0,52,female,mixed breed,9,42,-4,-5,1,-5,-8,-14,2,0,2,1,0,6,12,14,10,straight,11,5,yellow-green,deep,short (bobtail),normal,shorthair,,blue,bicolor,classic tabby,,False,False,False,False,False,0,0,True,99.99,81.91,0.00,52.00,93.70,50.00
2011554,2022-12-28,Half Fluffy,SnowyRina167 (#269419),1,0,28,female,mixed breed,7,43,-8,-4,0,-6,-12,-8,3,2,0,0,0,2,13,13,9,straight,7,11,grey-green,medium,normal,normal,longhair,,natural,,,mink,False,False,False,False,False,0,0,True,14.99,6.99,0.00,48.00,99.81,61.00
2016763,2022-12-28,#Sugarwind (Stray),"Embers - Andromedas, Bohemian Rhapsodies (#136373)",100,0,12,female,mixed breed,8,43,-3,-15,-8,-8,-1,-3,3,0,2,0,0,7,2,5,7,straight,18,16,grey-brown,pale,normal,normal,shorthair,LaPerm,black,,,,False,False,False,True,False,0,0,True,99.99,99.99,49.00,67.00,37.95,50.00
2011558,2022-12-28,Sheep,SnowyRina167 (#269419),1,0,28,female,mixed breed,9,43,-7,1,-3,-11,-9,-8,0,2,0,1,1,3,18,10,4,straight,10,11,blue,deep,short (bobtail),short (Munchkin),longhair,,seal,,,point,False,False,False,False,False,0,0,True,14.99,14.99,0.00,57.00,99.90,60.00
2011551,2022-12-28,Orangine,SnowyRina167 (#269419),1,0,28,female,mixed breed,9,43,-7,2,-2,-6,-12,-8,2,2,2,0,0,3,19,11,9,straight,7,11,hazel,deep,normal,normal,longhair,,cinnamon,bicolor,,,False,False,False,False,True,0,0,True,14.99,3.99,0.00,44.00,99.90,61.00
2004586,2022-12-28,#2004586,Almalexia | Tigraunda Revival (#70878),100,0,57,female,mixed breed,10,43,-2,-5,-1,-6,-9,-13,2,2,2,1,0,8,12,12,9,straight,10,6,bronze,deep,short (bobtail),normal,longhair,,blue,bicolor,spotted tabby,,False,False,False,True,False,0,0,True,99.99,79.24,0.00,57.00,96.68,50.00
2016658,2022-12-28,﴾Chant﴿ Josy Sugar {Stray},Chant’s ℂ✩ Neverending Studio Projects (#19181),1,0,45,female,mixed breed,8,44,6,-11,-1,-10,-5,-6,3,0,2,0,0,16,6,12,5,straight,14,13,brown,pale,normal,normal,shorthair,satin wirehair,black,bicolor,spotted tabby,,False,False,False,False,False,0,0,True,99.99,99.99,47.00,24.00,63.96,58.00
2013343,2022-12-28,Skylark’s Spotty Dotty (Stray),SnowyRina167 (#269419),1,0,68,female,mixed breed,8,44,3,-4,-6,-8,1,-17,3,0,2,0,0,13,13,7,8,folded,20,2,brown,pale,normal,normal,shorthair,,chocolate,bicolor,spotted tabby,,False,False,False,False,False,0,0,True,19.99,9.00,77.40,15.20,36.16,29.00
2011897,2022-12-28,#2011897,CCeline's Mew (#171351),50,0,26,female,mixed breed,8,44,0,-8,-8,-2,-12,-8,3,0,2,1,0,10,9,5,13,straight,7,11,hazel,pale,short (bobtail),normal,shorthair,rex III,platinum,bicolor,,,False,True,True,False,True,0,0,True,94.99,87.99,0.00,27.00,94.94,50.00
2005836,2022-12-28,#▧Sandy,Tic-Tac to the rescue (#269418),300,0,53,female,mixed breed,8,44,9,-6,-1,-6,-17,1,2,0,2,0,0,19,11,12,10,folded,2,20,hazel,deep,normal,normal,shorthair,,black,,ticked tabby,,False,False,False,False,False,0,0,True,99.99,81.49,97.30,42.60,51.50,7.00
2005194,2022-12-28,#2005194,Pizza_Kitties - Sales (#88179),50,0,56,female,mixed breed,10,44,3,-8,-2,-10,-11,-3,2,2,2,0,1,13,9,11,5,straight,8,16,yellow-green,deep,normal,short (Munchkin),longhair,wirehair,chocolate,bicolor,spotted tabby,,False,False,False,True,False,0,0,True,99.99,75.99,0.00,83.00,87.73,50.00
2011553,2022-12-28,Fluffy,SnowyRina167 (#269419),1,0,28,female,mixed breed,7,45,-8,-4,0,-7,-13,-8,3,2,0,0,0,2,13,13,8,straight,6,11,grey-green,medium,normal,normal,longhair,,blue,,,mink,False,False,False,False,False,0,0,True,14.99,13.99,0.00,47.00,99.91,60.00
2017658,2022-12-28,Caramba Aydin of the North,~*~Caramba's~*~ Mixed place (#72386),50,0,39,female,mixed breed,7,45,-4,-5,-7,-7,-18,0,2,0,2,0,0,6,12,6,8,straight,1,19,yellow,deep,normal,normal,shorthair,,black,bicolor,mackerel tabby,,False,False,False,True,False,0,0,True,99.99,99.99,99.99,15.00,45.99,42.00
2012536,2022-12-28,#2012536,Almalexia | Tigraunda Revival (#70878),100,0,22,female,mixed breed,7,45,-5,-4,0,-8,-10,-14,2,0,2,0,0,5,13,13,7,straight,9,5,aqua,deep,normal,normal,shorthair,,black,bicolor,,,False,False,False,True,False,0,0,True,99.99,92.24,0.00,53.00,93.85,50.00
2009530,2022-12-28,#2009530,Almalexia | Tigraunda Revival (#70878),100,0,36,female,mixed breed,8,45,-5,-5,0,-9,-9,-13,1,2,0,1,0,5,12,13,6,straight,10,6,blue,medium,short (bobtail),normal,longhair,,lilac,,,point,False,False,False,True,False,0,0,True,99.99,97.70,0.00,46.00,99.77,50.00
2006066,2022-12-28,#C4T Starswirl,Love Shines Sales and Other Projects (#178998),1,0,52,female,mixed breed,8,46,-6,2,-2,-7,-15,-11,1,2,0,0,0,4,19,11,8,straight,4,8,blue,medium,normal,normal,longhair,,blue,mitted,classic tabby,mink,False,False,False,True,False,0,29,True,74.99,99.99,0.00,51.00,99.62,50.00
2013822,2022-12-28,#2013822,Pip! (#269060),40,0,17,female,mixed breed,8,46,6,-5,-3,-4,-9,-14,3,0,2,0,0,16,12,10,11,straight,10,5,bronze,medium,normal,normal,shorthair,,blue,harlequin,,,False,False,False,False,True,0,0,True,54.99,91.99,52.69,31.00,99.99,52.00
2004584,2022-12-28,#2004584,Almalexia | Tigraunda Revival (#70878),100,0,57,female,mixed breed,9,46,-3,-6,0,-8,-9,-13,2,2,2,1,0,7,11,13,7,straight,10,6,bronze,deep,short (bobtail),normal,longhair,,blue,bicolor,,,False,True,False,False,False,0,0,True,99.99,87.24,0.00,57.00,95.68,50.00
2004355,2022-12-28,#WhitePelt,PeskyBirdKuro (#268002),10,0,58,female,mixed breed,10,46,-4,-7,-7,-3,-5,-13,2,2,2,0,1,6,10,6,13,folded,14,6,green,deep,normal,short (Munchkin),longhair,,white,,,,False,False,False,False,False,0,0,True,4.99,9.99,0.00,48.00,99.99,99.99
2016663,2022-12-28,﴾Chant﴿ Only South's Northspell {Stray},Chant’s ℂ✩ Neverending Studio Projects (#19181),1,0,45,female,mixed breed,8,47,-3,-7,2,-1,-16,-14,2,0,2,0,0,7,10,15,14,straight,3,5,aqua,deep,normal,normal,shorthair,,white,,,,False,False,False,False,False,0,0,True,99.99,99.99,83.00,16.00,66.96,49.00
2014711,2022-12-28,#2014711 Arabian Shorthair/Chartreux/Mei Mao/Morgan Mini/Paix Evol,katiegoesmew - Weird Ones (#123803),50,0,14,female,mixed breed,8,47,-5,-12,-2,-6,-12,-6,2,0,2,0,0,5,5,11,9,straight,7,13,yellow,deep,normal,normal,shorthair,,blue,,,,False,False,False,False,True,0,0,True,99.99,99.99,0.00,69.00,97.89,50.00
2014710,2022-12-28,#2014710 Arabian Shorthair,katiegoesmew - Weird Ones (#123803),50,0,14,female,mixed breed,8,47,-4,-13,-2,-5,-12,-6,3,0,2,0,0,6,4,11,10,straight,7,13,yellow-green,medium,normal,normal,shorthair,,blue,,classic tabby,,False,False,False,True,False,0,0,True,99.99,99.99,0.00,68.00,97.89,50.00
2014713,2022-12-28,#2014713 Pocket Cat,katiegoesmew - Weird Ones (#123803),50,0,14,female,mixed breed,8,47,-4,-13,-3,-6,-12,-5,2,0,2,0,0,6,4,10,9,straight,7,14,yellow,deep,normal,normal,shorthair,,black,,,,False,False,False,False,True,0,0,True,99.99,99.99,0.00,70.00,97.89,50.00
2011417,2022-12-28,#2011417,Pizza_Kitties - Sales (#88179),50,0,28,female,mixed breed,9,47,7,-9,-7,-2,-5,-12,2,0,2,1,0,17,8,6,13,straight,14,7,hazel,deep,short (bobtail),normal,shorthair,wirehair,black,,,,False,False,False,False,True,0,0,True,99.99,87.99,0.00,61.00,99.82,50.00
2017021,2022-12-28,Celestial Charming Isabelle,NorthAtlanticCats Kisa (#5154),50,0,65,female,mixed breed,9,47,4,-11,-11,-2,-4,-9,3,0,2,1,0,14,6,2,13,straight,15,10,bronze,medium,none (tailless),normal,shorthair,,black,,ticked tabby,,False,False,False,True,False,0,0,True,99.99,99.99,99.99,80.00,15.97,43.00
2004637,2022-12-28,#Iora | !Pouf | Mixed Breed,Llama Godd (#267840),200,0,57,female,mixed breed,9,47,0,-14,-6,-4,-10,-5,3,2,2,0,1,10,3,7,12,folded,9,14,bronze,pale,normal,short (Munchkin),longhair,LaPerm,blue,,mackerel tabby,,False,False,False,False,False,0,0,True,4.99,4.82,0.00,52.52,86.63,80.00
2003451,2022-12-28,Grand Champion *K* Henrietta of Titus Winifred,Kittystix2 (#268834),0,0,63,female,Himalayan Bear Cat,7,48,-1,3,-6,-11,-11,-14,0,2,0,0,0,9,20,7,4,straight,8,5,blue,deep,normal,normal,longhair,,chocolate,,mackerel tabby,point,False,False,False,False,False,680,14,True,94.99,99.99,99.99,0.00,99.99,50.00
2011555,2022-12-28,CutePie,SnowyRina167 (#269419),1,0,28,female,mixed breed,9,48,-7,1,-3,-11,-10,-10,2,2,2,0,0,3,18,10,4,straight,9,9,hazel,deep,normal,normal,longhair,,black,,,,False,False,False,False,False,0,0,True,14.99,4.99,0.00,61.00,99.90,61.00
2006403,2022-12-28,Fräulein Katzengold,SnowyRina167 (#269419),1,0,49,female,mixed breed,7,49,3,-16,0,-6,-13,-7,2,0,2,0,0,13,1,13,9,straight,6,12,grey-green,deep,normal,normal,shorthair,,blue,bicolor,,,False,False,False,False,True,0,0,True,14.99,5.99,0.00,41.00,80.00,91.00
2012532,2022-12-28,#2012532,Almalexia | Tigraunda Revival (#70878),100,0,22,female,mixed breed,8,49,-7,-5,-1,-7,-10,-14,3,0,2,0,0,3,12,12,8,straight,9,5,green,medium,normal,normal,shorthair,,lilac,bicolor,classic tabby,,False,False,False,False,False,0,0,True,99.99,96.24,0.00,56.00,91.85,50.00
2008368,2022-12-28,#2008368 3ex,Pizza_Kitties - Sales (#88179),500,0,42,female,Noctua,8,49,8,-9,0,-13,-13,1,2,0,2,0,1,18,8,13,3,folded,6,20,grey-green,deep,normal,short (Munchkin),shorthair,,black,,,,False,False,False,False,True,0,0,True,99.99,80.99,0.00,98.00,99.57,50.00
2006386,2022-12-28,Pine's Missus Forgettable,Chant’s ℂ✩ Neverending Studio Projects (#19181),50,0,49,female,mixed breed,9,49,3,-6,-1,-10,-13,-11,2,0,2,1,0,13,11,12,6,folded,6,8,bronze,deep,short (bobtail),normal,shorthair,LaPerm,blue,bicolor,mackerel tabby,,False,False,False,True,False,0,0,True,99.99,99.99,0.00,63.00,47.58,50.00
2010206,2022-12-28,Smokie,Rescue Shelter,200,0,34,female,mixed breed,9,49,2,-3,-3,-13,-10,-11,3,2,2,0,0,12,14,10,2,straight,9,8,hazel,medium,normal,normal,longhair,,black,,,,False,False,False,False,True,0,0,True,99.99,10.87,0.00,20.55,91.90,76.00
2005195,2022-12-28,#2005195 noctua keep,Pizza_Kitties - Sales (#88179),50,0,56,female,mixed breed,11,49,4,-10,-3,-10,-12,-2,2,2,2,1,1,14,7,10,6,folded,7,17,hazel,deep,short (bobtail),short (Munchkin),longhair,,black,bicolor,spotted tabby,,False,False,False,True,False,0,0,True,99.99,85.99,0.00,67.00,87.44,50.00
2016671,2022-12-28,﴾Chant﴿ Dunja of the Siren {Stray},Chant’s ℂ✩ Neverending Studio Projects (#19181),1,0,38,female,mixed breed,7,50,0,-11,-5,-11,-4,-15,2,0,2,0,0,10,6,8,4,straight,15,4,aqua,deep,normal,normal,shorthair,,black,bicolor,spotted tabby,,False,False,False,False,False,0,0,True,99.99,99.99,53.00,69.00,78.96,54.00
2016678,2022-12-28,﴾Chant﴿ Averia Lucy Touch {Stray},Chant’s ℂ✩ Neverending Studio Projects (#19181),1,0,30,female,mixed breed,8,51,-9,2,-12,3,-3,-17,3,0,2,0,0,1,19,1,17,curled,16,2,aqua,medium,normal,normal,shorthair,,black,bicolor,ticked tabby,,False,True,False,False,False,0,0,True,99.99,99.99,83.00,67.00,44.96,42.00
2017066,2022-12-28,#Gloria of Joy -stray,Mezzmeric's Feline Fiasco (#26989),1,0,51,female,mixed breed,8,51,4,-11,-11,6,-2,-13,2,0,2,0,0,14,6,2,20,folded,17,6,bronze,deep,normal,normal,shorthair,,chocolate,bicolor,mackerel tabby,,False,False,False,False,False,0,0,True,99.99,99.99,62.00,47.00,19.97,50.00
2008366,2022-12-28,#2008366 4ex,Pizza_Kitties - Sales (#88179),500,0,42,female,Noctua,8,51,8,-9,0,-14,-14,1,2,0,2,0,1,18,8,13,2,curled,5,20,grey-green,deep,normal,short (Munchkin),shorthair,wirehair,black,bicolor,,,False,False,False,False,True,0,0,True,99.99,80.99,0.00,99.00,99.57,50.00
2013411,2022-12-28,#Ginger Doodle,ExistingCuzWhyNot (#267759),100,0,20,female,mixed breed,10,51,-5,1,-9,-6,-11,-12,2,2,2,0,1,5,18,4,9,straight,8,7,bronze,deep,normal,short (Munchkin),longhair,,chocolate,bicolor,spotted tabby,,False,False,False,False,False,0,0,True,4.99,5.03,30.00,11.04,99.99,63.00
2014680,2022-12-28,#2014680,Love Shines Sales and Other Projects (#178998),1,0,14,female,mixed breed,8,52,-5,-11,-4,-6,-11,-11,2,0,2,0,0,5,6,9,9,straight,8,8,grey-green,deep,normal,normal,shorthair,,black,,,,False,False,False,False,False,0,0,True,74.99,97.99,0.00,52.00,95.97,50.00
2014954,2022-12-28,#Summerheart the Chosen -stray,Mezzmeric's Feline Fiasco (#26989),1,0,24,female,mixed breed,8,52,-4,-13,-8,-10,-1,-11,3,0,2,0,0,6,4,5,6,folded,18,8,grey-green,pale,normal,normal,shorthair,,chocolate,bicolor,mackerel tabby,,False,False,False,True,False,0,0,True,99.99,99.99,83.90,43.00,80.20,50.00
2017059,2022-12-28,#Kinley Zara Chess -stray,Mezzmeric's Feline Fiasco (#26989),1,0,25,female,mixed breed,8,52,6,-4,-5,3,-14,-16,2,0,2,0,0,16,13,8,17,folded,5,3,yellow,deep,normal,normal,shorthair,,chocolate,bicolor,ticked tabby,,False,False,False,True,False,0,0,True,99.99,99.99,85.00,13.00,51.97,50.00
2007192,2022-12-28,#Munchkin,Little Bunny 3 (#268197),100,0,48,female,mixed breed,10,52,-5,-4,-2,-9,-15,-10,2,2,2,0,1,5,13,11,7,folded,4,9,hazel,deep,normal,short (Munchkin),longhair,rex III,chocolate,,mackerel tabby,,False,False,False,False,False,0,0,True,4.99,4.99,27.49,44.40,99.39,70.00
2015395,2022-12-28,#Celestial and Flare -stray,Mezzmeric's Feline Fiasco (#26989),1,0,39,female,mixed breed,8,53,10,-9,1,-9,-8,-12,2,0,2,0,0,20,8,14,7,curled,11,7,green,deep,normal,normal,shorthair,LaPerm,black,bicolor,mackerel tabby,,False,False,False,False,False,0,0,True,99.99,99.99,81.00,87.00,57.42,50.00
2006721,2022-12-28,#2006721,Pizza_Kitties - Sales (#88179),50,0,49,female,mixed breed,8,53,-8,-11,-10,-1,-5,-15,1,0,2,0,0,2,6,3,14,straight,14,4,blue,pale,normal,normal,shorthair,LaPerm,white,,,,False,False,False,False,False,0,0,True,99.99,66.32,0.00,68.00,84.74,50.00
2016670,2022-12-28,﴾Chant﴿ Lily Sa {Stray},Chant’s ℂ✩ Neverending Studio Projects (#19181),1,0,46,female,mixed breed,8,54,9,-7,-6,-15,-7,-5,3,0,2,0,0,19,10,7,1,curled,12,14,hazel,medium,normal,normal,shorthair,,black,bicolor,,,False,False,False,True,False,0,0,True,99.99,99.99,59.00,90.00,50.96,55.00
2014124,2022-12-28,#2014124,Marblecat1000 (#208881),30,0,15,female,mixed breed,9,54,-6,-5,-3,-9,-14,-11,2,2,2,0,0,4,12,10,6,straight,5,8,grey-green,deep,normal,normal,longhair,,black,bicolor,classic tabby,,False,False,False,False,False,0,0,True,94.99,99.99,0.00,46.00,99.00,50.00
2008367,2022-12-28,#2008367 noctua 3ex,Pizza_Kitties - Sales (#88179),50,0,42,female,mixed breed,9,54,8,-11,0,-13,-14,1,2,2,2,0,1,18,6,13,3,folded,5,20,grey-green,deep,normal,short (Munchkin),longhair,wirehair,black,,,,False,False,False,False,True,0,0,True,99.99,91.99,0.00,98.00,99.57,50.00
2016680,2022-12-28,#2016680 New Stray,Lesse - Shorthair Variety (#160671),20,0,29,female,mixed breed,8,55,5,-14,6,-4,-8,-13,3,0,2,0,0,15,3,19,11,straight,11,6,hazel,medium,normal,normal,shorthair,,blue,,ticked tabby,,False,False,False,False,False,0,0,True,89.99,65.00,60.00,47.00,67.99,55.00
2015668,2022-12-28,#2015668 nanokitty 1ex,Pizza_Kitties - Sales (#88179),50,0,7,female,mixed breed,8,55,4,-15,0,-8,-11,-12,2,0,2,0,1,14,2,13,8,folded,8,7,green,deep,normal,short (Munchkin),shorthair,rex III wirehair,black,,spotted tabby,,False,True,True,False,False,0,0,,99.99,99.99,8.00,33.00,67.93,50.00
2015467,2022-12-28,#2015467,Rahkali (#269527),100,0,9,female,mixed breed,9,55,-2,-6,-2,-10,-13,-16,2,2,2,0,0,8,11,11,5,straight,6,3,grey-green,deep,normal,normal,longhair,,black,bicolor,classic tabby,,False,False,False,True,False,0,0,False,94.99,98.99,25.40,21.00,99.95,50.00
2008538,2022-12-28,GN's Zoo Weasle Waffle [5],Kittystix2 (#268834),0,0,42,female,Chumbles,8,56,-1,-1,-11,-13,-11,-15,2,0,2,0,0,9,16,2,2,straight,8,4,hazel,deep,normal,normal,shorthair,,cinnamon,,classic tabby,,False,True,True,False,False,0,13,True,99.99,95.99,98.99,10.80,99.99,50.00
2015654,2022-12-28,#2015654 nanokitty 2ex,Pizza_Kitties - Sales (#88179),50,0,7,female,mixed breed,9,56,-3,-15,0,-8,-12,-12,2,0,2,1,1,7,2,13,8,folded,7,7,hazel,deep,none (tailless),short (Munchkin),shorthair,,black,bicolor,ticked tabby,,False,False,False,True,False,0,0,,99.99,89.99,62.00,36.00,31.93,50.00
2004357,2022-12-28,#SnowStorm,PeskyBirdKuro (#268002),1,0,58,female,mixed breed,10,56,-7,-12,-2,-4,-9,-15,2,2,2,0,1,3,5,11,12,folded,10,4,green,deep,normal,short (Munchkin),longhair,,white,,,,False,False,False,False,False,0,16,True,4.99,2.99,0.00,65.00,99.99,99.99
2006720,2022-12-28,#2006720,Pizza_Kitties - Sales (#88179),50,0,49,female,mixed breed,10,56,-8,-11,-9,1,-5,-15,3,0,2,1,1,2,6,4,16,straight,14,4,coffee,medium,short (bobtail),short (Munchkin),shorthair,LaPerm,chocolate,,spotted tabby,,False,True,False,False,False,0,0,True,99.99,67.32,0.00,65.00,83.74,50.00
2015997,2022-12-28,"# [9 Ch, 4, 9] Miragewind",Kittystix2 (#268834),0,0,7,female,Chumbles,8,57,-4,-1,-10,-11,-11,-16,2,0,2,0,0,6,16,3,4,straight,8,3,yellow-green,deep,normal,normal,shorthair,,blue,bicolor,classic tabby,,False,False,False,False,False,0,0,,94.99,96.74,96.60,14.80,97.80,52.00
2004197,2022-12-28,GN's Waffle Owl Platypus [5],Kittystix2 (#268834),0,0,59,female,Chumbles,8,57,-1,-1,-11,-13,-11,-16,2,0,2,0,0,9,16,2,2,straight,8,3,hazel,deep,normal,normal,shorthair,,red,bicolor,,,False,True,True,False,True,20,14,True,99.99,95.99,96.99,6.20,99.99,51.00
2017196,2022-12-28,#Fate's Blaze -stray,Mezzmeric's Feline Fiasco (#26989),1,0,53,female,mixed breed,8,57,-4,-15,-2,-7,-13,-12,2,0,2,0,0,6,2,11,8,straight,6,7,bronze,deep,normal,normal,shorthair,,black,bicolor,mackerel tabby,,False,True,False,False,False,0,0,True,99.99,99.99,59.00,26.00,72.98,53.00
2015993,2022-12-28,"# $ [7 OST, 7, 24] Solar Night the Chosen",Kittystix2 (#268834),0,0,7,female,mixed breed,9,57,5,-12,-6,-8,-18,-2,3,0,2,1,0,15,5,7,7,straight,1,17,brown,medium,none (tailless),normal,shorthair,wirehair,black,bicolor,mackerel tabby,,False,True,False,False,False,0,0,,94.99,99.00,98.99,79.20,82.80,54.00
2015994,2022-12-28,"# [9 OST, 7, 15] Sara Latisha",Kittystix2 (#268834),0,0,7,female,Oriental Stage Dragon,8,58,-2,-15,-9,-8,-18,0,3,0,2,1,0,8,2,4,7,straight,1,19,brown,medium,none (tailless),normal,shorthair,wirehair,black,harlequin,classic tabby,,False,True,True,False,False,0,0,,94.99,94.00,96.60,65.80,78.80,50.00
2016682,2022-12-28,#2016682 New Stray,Lesse - Shorthair Variety (#160671),20,0,24,female,mixed breed,8,58,6,-15,1,-2,-16,-14,2,0,2,0,0,16,2,14,13,straight,3,5,bronze,deep,normal,normal,shorthair,rex II,black,,mackerel tabby,,False,False,False,False,False,0,0,True,89.99,41.00,84.00,17.00,71.99,64.00
2016666,2022-12-28,﴾Chant﴿ Ukana Ages {Stray},Chant’s ℂ✩ Neverending Studio Projects (#19181),1,0,37,female,mixed breed,9,59,7,-13,-10,1,-16,-6,3,0,2,1,0,17,4,3,15,curled,3,13,yellow-green/pale blue odd-eyed,medium,none (tailless),normal,shorthair,,chocolate,harlequin,mackerel tabby,,False,False,False,True,False,0,0,True,99.99,99.99,65.00,25.00,34.96,42.00
2015653,2022-12-28,#2015653 nanokitty 3ex,Pizza_Kitties - Sales (#88179),50,0,7,female,mixed breed,9,59,4,-15,2,-9,-11,-13,2,0,2,0,1,14,2,15,7,folded,8,6,hazel,deep,normal,short (Munchkin),shorthair,,black,bicolor,ticked tabby,,False,False,False,True,False,0,0,,99.99,99.99,62.00,76.00,69.93,50.00
2011781,2022-12-28,#2011781,Pine's Cattery  (#174666),10,0,52,female,mixed breed,9,61,4,-16,-8,-2,-18,-7,3,0,2,1,0,14,1,5,13,straight,1,12,grey-green,pale,none (tailless),normal,shorthair,,black,,mackerel tabby,,False,False,False,False,False,0,0,True,89.99,90.00,84.99,17.00,26.87,50.00
2004063,2022-12-28,#hazeltini,Rescue Shelter,200,0,61,female,mixed breed,11,61,7,-11,-4,-11,-9,-11,2,2,2,1,1,17,6,9,4,straight,10,8,hazel,deep,short (bobtail),short (Munchkin),longhair,rex II wirehair,chocolate,bicolor,ticked tabby,,False,False,False,True,False,0,41,True,99.99,42.99,37.99,52.30,99.99,74.00
2010519,2022-12-28,#2010519,Stormclan123 Mina (#167498),25,0,33,female,mixed breed,9,62,6,-13,4,-13,-10,-9,3,2,2,0,0,16,4,17,3,curled,9,10,hazel,medium,normal,normal,longhair,,red,bicolor,ticked tabby,,False,False,False,False,False,0,0,True,99.99,94.99,0.00,71.00,73.91,50.00
2011720,2022-12-28,|EO| Dark Fairy Godmother,|EO|²� Projects and Sales (#97607),50,0,27,female,mixed breed,9,62,-8,-5,-10,-7,-11,-15,2,2,2,0,0,2,12,3,8,straight,8,4,hazel,deep,normal,normal,longhair,,black,bicolor,ticked tabby,,False,False,False,False,False,0,0,True,54.99,95.99,79.19,21.20,99.99,52.00
2005758,2022-12-28,Chant's Royal Tessi Reflection,Chant’s ℂ✩ Neverending Studio Projects (#19181),50,0,53,female,mixed breed,9,62,-7,-11,-10,-12,-13,-3,3,0,2,0,1,3,6,3,3,straight,6,16,bronze,medium,normal,short (Munchkin),shorthair,wirehair,chocolate,bicolor,spotted tabby,,False,False,False,False,False,0,0,True,99.99,99.99,0.00,81.00,91.47,50.00
2016638,2022-12-28,﴾Chant﴿ Omnium {Stray},Chant’s ℂ✩ Neverending Studio Projects (#19181),1,0,43,female,mixed breed,7,63,10,-7,-8,-1,-18,-18,1,0,0,0,0,20,10,5,14,straight,1,1,blue,medium,normal,normal,shorthair,wirehair,natural,bicolor,,mink,False,False,False,False,False,0,0,True,99.99,99.99,70.00,33.00,79.96,50.00
2007629,2022-12-28,Ciobana,Artemis'  Siberians (#221619),100,0,45,female,mixed breed,8,63,-3,-14,-10,-9,-12,-10,3,0,2,0,0,7,3,3,6,straight,7,9,green,pale,normal,normal,shorthair,,blue,,spotted tabby,,False,False,False,False,False,0,0,True,94.99,89.15,75.80,60.00,91.99,50.00
2015645,2022-12-28,#2015645,Kaslistic II .:ß: ||Sales|| (#132457),5,0,64,female,mixed breed,9,63,-7,-14,5,-7,-17,-7,3,0,2,1,0,3,3,18,9,folded,2,12,grey-green,medium,none (tailless),normal,shorthair,,red,bicolor,spotted tabby,,False,False,False,False,False,0,0,True,94.99,73.00,59.00,63.00,52.98,54.00
2010810,2022-12-28,Rilian’s Duchessa,Rescue Shelter,200,0,31,female,mixed breed,6,64,-8,-6,-10,-11,-12,-17,0,0,0,0,0,2,11,3,4,straight,7,2,blue,deep,normal,normal,shorthair,,natural,van,classic tabby,mink,False,False,False,False,False,0,0,True,99.99,9.49,39.00,53.00,99.99,75.00
2009522,2022-12-28,#2009522 Pocket Cat,katiegoesmew - Weird Ones (#123803),50,0,36,female,mixed breed,8,65,-9,-13,-5,-12,-11,-11,2,0,2,0,0,1,4,8,3,straight,8,8,yellow-green,deep,normal,normal,shorthair,,black,,classic tabby,,False,False,False,False,False,0,0,True,99.99,99.99,0.00,58.00,86.73,50.00
2016216,2022-12-28,#2016216,Pizza_Kitties - Sales (#88179),50,0,6,female,mixed breed,10,65,6,-15,1,-12,-13,-12,2,0,2,1,1,16,2,14,4,folded,6,7,hazel,deep,short (bobtail),short (Munchkin),shorthair,rex II wirehair,black,bicolor,ticked tabby,,False,False,False,True,False,0,0,,99.99,97.99,0.00,88.00,94.95,50.00
2015995,2022-12-28,"# $ [8 OST, 6, 25] Nayomi Elf",Kittystix2 (#268834),0,0,7,female,mixed breed,8,66,10,-12,-12,-8,-18,-1,3,0,2,0,0,20,5,1,7,straight,1,18,brown,medium,normal,normal,shorthair,,black,van,mackerel tabby,,False,False,False,True,False,0,0,,94.99,96.00,96.60,70.80,37.80,49.00
2015992,2022-12-28,"# $ [8 OST, 7, 23] Girl and Wings",Kittystix2 (#268834),0,0,7,female,mixed breed,9,66,9,-15,-10,-8,-18,-2,1,0,2,1,0,19,2,3,7,straight,1,17,blue,pale,none (tailless),normal,shorthair,,black,van,mackerel tabby,,False,True,False,False,False,0,0,,94.99,93.00,98.80,83.40,69.40,52.00
2009523,2022-12-28,#2009523 Pocket Cat,katiegoesmew - Weird Ones (#123803),50,0,36,female,mixed breed,8,67,-9,-13,-5,-12,-11,-12,3,0,2,0,0,1,4,8,3,straight,8,7,green,medium,normal,normal,shorthair,,black,,classic tabby,,False,False,False,False,False,0,0,True,99.99,99.99,0.00,58.00,82.73,50.00
2009871,2022-12-28,#2009871 Weird Ones,katiegoesmew - Weird Ones (#123803),50,0,35,female,mixed breed,8,68,-7,-14,-8,-8,-16,-10,3,0,2,0,0,3,3,5,7,straight,3,9,bronze,medium,normal,normal,shorthair,,black,,classic tabby,,False,False,False,False,False,0,0,True,99.99,99.99,0.00,58.00,93.74,50.00
2009108,2022-12-28,#2009108 Oriental Stage Dragon/Stage Dragon,katiegoesmew - Weird Ones (#123803),50,0,38,female,mixed breed,8,68,-4,-13,-10,-8,-16,-12,3,0,2,0,0,6,4,3,7,straight,3,7,hazel,medium,normal,normal,shorthair,,black,,ticked tabby,,False,False,False,False,False,0,0,True,99.99,99.99,0.00,66.00,98.71,50.00
2009111,2022-12-28,#2009111 Oriental Stage Dragon/Stage Dragon,katiegoesmew - Weird Ones (#123803),50,0,38,female,mixed breed,8,68,-4,-12,-10,-10,-15,-12,3,0,2,0,0,6,5,3,5,straight,4,7,hazel,medium,normal,normal,shorthair,,black,,ticked tabby,,False,False,False,False,False,0,0,True,99.99,99.99,0.00,70.00,98.71,50.00
2017197,2022-12-28,#Indira Keesha of Magic -stray,Mezzmeric's Feline Fiasco (#26989),1,0,37,female,mixed breed,9,68,4,-13,-6,-14,-15,-10,3,0,2,1,0,14,4,7,1,straight,4,9,aqua,medium,none (tailless),normal,shorthair,,black,,classic tabby,,False,False,False,False,False,0,0,True,99.99,99.99,65.00,55.00,27.98,54.00
2006714,2022-12-28,#2006714 nanokitty 7ex,Pizza_Kitties - Sales (#88179),50,0,49,female,mixed breed,10,69,7,-15,2,-13,-12,-13,2,2,2,0,1,17,2,15,3,curled,7,6,grey-green,deep,normal,short (Munchkin),longhair,rex II,white(shows,,,,False,True,False,False,False,0,0,True,99.99,87.49,0.00,87.00,99.23,50.00
2015998,2022-12-28,"# [6.86 Ch, 5, 10] Solar Blaze Legacy",Kittystix2 (#268834),0,0,7,female,mixed breed,9,70,-2,1,-12,-14,-16,-18,3,2,2,0,0,8,18,1,1,straight,3,1,bronze,medium,normal,normal,longhair,,cinnamon,bicolor,mackerel tabby,,False,False,False,False,False,0,0,,94.99,96.74,95.20,68.60,72.10,50.00
2015639,2022-12-28,#2015639 Buta Cat/Tilly Tabby,katiegoesmew - Weird Ones (#123803),50,0,8,female,mixed breed,8,71,-2,-13,-6,-12,-17,-17,2,0,2,0,0,8,4,7,3,straight,2,2,bronze,deep,normal,normal,shorthair,,black,bicolor,,,False,False,False,False,True,0,0,,99.99,99.99,0.00,73.00,67.93,50.00
2015736,2022-12-28,#2015736 ghostmarkings,Pizza_Kitties - Sales (#88179),50,0,7,female,mixed breed,9,71,-7,-12,-10,-9,-13,-16,0,2,0,1,1,3,5,3,7,folded,6,3,blue,deep,short (bobtail),short (Munchkin),longhair,,chocolate,bicolor,spotted tabby,point,True,False,False,True,False,0,0,,99.99,95.99,13.59,85.00,99.93,50.00
2013500,2022-12-28,|EO| Etienne Sienna,|EO|²� Projects and Sales (#97607),50,0,19,female,mixed breed,8,72,-9,-4,-11,-13,-15,-16,2,0,2,0,0,1,13,2,3,folded,4,3,grey-green,deep,normal,normal,shorthair,,black,bicolor,ticked tabby,,False,False,False,True,False,0,0,True,54.99,93.99,51.00,6.00,99.94,52.00
2013331,2022-12-28,#2013331,Pizza_Kitties - Sales (#88179),50,0,20,female,mixed breed,8,72,-6,-14,-9,-14,-11,-16,1,0,0,0,1,4,3,4,2,folded,8,3,blue,pale,normal,short (Munchkin),shorthair,,cinnamon,bicolor,spotted tabby,point,False,False,False,False,False,0,0,True,99.99,86.99,0.00,89.00,89.86,50.00
2015734,2022-12-28,#2015734,Pizza_Kitties - Sales (#88179),50,0,7,female,mixed breed,9,72,-7,-12,-10,-9,-13,-17,0,2,0,1,1,3,5,3,7,folded,6,2,blue,deep,short (bobtail),short (Munchkin),longhair,,seal,harlequin,spotted tabby,point,True,False,False,False,False,0,0,,99.99,95.99,13.59,78.00,99.93,50.00
2013495,2022-12-28,|EO| Candy Vanishingwish,|EO|²� Projects and Sales (#97607),50,0,19,female,mixed breed,8,73,-9,-4,-11,-13,-14,-18,2,0,2,0,0,1,13,2,3,folded,5,1,green,deep,normal,normal,shorthair,,fawn,bicolor,,,False,False,False,True,False,0,0,True,54.99,90.99,51.00,5.00,99.94,52.00
2016083,2022-12-28,#2016083 Aurora Fold,katiegoesmeow - Weird Ones (#146018),50,0,7,female,mixed breed,8,74,-9,-7,-10,-11,-18,-14,3,0,2,0,0,1,10,3,4,straight,1,5,yellow-green,medium,normal,normal,shorthair,,black,,,,False,False,False,False,True,0,0,,99.99,99.99,0.00,47.00,92.94,50.00
2015375,2022-12-28,#2015375 Alicocay/Olympus River Cat,katiegoesmeow - Weird Ones (#146018),50,0,10,female,mixed breed,8,74,-9,-10,-12,-7,-18,-13,3,0,2,0,0,1,7,1,8,straight,1,6,hazel,medium,normal,normal,shorthair,,chocolate,harlequin,ticked tabby,,False,True,False,False,False,0,0,True,99.99,99.99,0.00,46.00,89.91,50.00
2013330,2022-12-28,#2013330,Pizza_Kitties - Sales (#88179),50,0,20,female,mixed breed,9,74,-6,-14,-9,-13,-13,-16,1,0,0,1,1,4,3,4,3,folded,6,3,blue,pale,short (bobtail),short (Munchkin),shorthair,,chocolate,harlequin,spotted tabby,point,True,False,False,False,False,0,0,True,99.99,86.99,0.00,88.00,95.86,50.00
2013528,2022-12-28,#2013528,Pizza_Kitties - Sales (#88179),50,0,19,female,mixed breed,10,75,-7,-12,-10,-9,-14,-16,2,2,2,1,0,3,5,3,7,folded,5,3,green,deep,short (bobtail),normal,longhair,,black,van,spotted tabby,,False,False,False,False,False,0,0,True,99.99,96.99,0.00,93.00,97.87,50.00
2013494,2022-12-28,|EO| Lion and Queen,|EO|²� Projects and Sales (#97607),50,0,19,female,mixed breed,8,76,-9,-4,-11,-15,-15,-18,2,0,2,0,0,1,13,2,1,folded,4,1,aqua,deep,normal,normal,shorthair,,fawn,bicolor,,,True,False,False,True,False,0,0,True,54.99,93.99,51.00,29.00,99.94,52.00
2015638,2022-12-28,#2015638 Buta Cat/Tilly Tabby,katiegoesmew - Weird Ones (#123803),50,0,8,female,mixed breed,8,77,-3,-15,-7,-13,-17,-17,3,0,2,0,0,7,2,6,2,straight,2,2,hazel,medium,normal,normal,shorthair,,black,bicolor,ticked tabby,,False,False,False,False,False,0,0,,99.99,99.99,0.00,73.00,62.93,50.00
2016081,2022-12-28,#2016081 Aurora Fold,katiegoesmew - Weird Ones (#123803),50,0,7,female,mixed breed,8,79,-9,-8,-12,-14,-17,-15,2,0,2,0,0,1,9,1,1,straight,2,4,yellow-green,deep,normal,normal,shorthair,,blue,bicolor,,,False,False,False,True,False,0,0,,99.99,99.99,0.00,56.00,82.94,50.00
2011253,2022-12-28,#2011253 Aurora Fold,katiegoesmeow - Weird Ones (#146018),50,0,28,female,mixed breed,8,79,-9,-9,-11,-13,-18,-15,2,0,2,0,0,1,8,2,2,straight,1,4,yellow,deep,normal,normal,shorthair,,black,bicolor,spotted tabby,,False,True,False,False,False,0,0,True,99.99,99.99,0.00,62.00,92.79,50.00
2007827,2022-12-28,#2007827 Aurora Fold,katiegoesmew - Weird Ones (#123803),50,0,43,female,mixed breed,8,79,-9,-7,-12,-14,-17,-16,2,0,2,0,0,1,10,1,1,straight,2,3,yellow-green,deep,normal,normal,shorthair,,blue,bicolor,classic tabby,,False,True,False,False,False,0,0,True,99.99,99.99,0.00,56.00,98.70,50.00
2008378,2022-12-28,#2008378,Pizza_Kitties - Sales (#88179),50,0,42,female,mixed breed,10,79,-8,-12,-9,-12,-14,-17,2,2,2,0,1,2,5,4,4,folded,5,2,green,deep,normal,short (Munchkin),longhair,,blue,,,,False,False,False,False,False,0,0,True,99.99,71.99,0.00,57.00,99.74,50.00
2008379,2022-12-28,#2008379,Pizza_Kitties - Sales (#88179),50,0,42,female,mixed breed,10,82,-9,-12,-10,-12,-14,-17,3,2,2,0,1,1,5,3,4,folded,5,2,green,medium,normal,short (Munchkin),longhair,,lilac,,,,False,False,False,False,False,0,0,True,99.99,82.99,0.00,80.00,99.59,50.00
